Team,Opponent,Match Result,Home/Away,Fouls,Corners,Crosses,Touches,Tackles,Interceptions,Aerials Won,Clearances,Offsides,Goal Kicks,Throw Ins,Long Balls,Possession,Passes Completed,Total Passes,Shots on Target,Total Shots,Saves Percentage,Yellow Cards,Red Cards
Manchester Utd,Fulham,1–0,Home,12,7,18,640,21,19,19,22,3,6,15,48,55,430,524,5,14,100,2,0
Fulham,Manchester Utd,1–0,Away,10,8,21,540,24,9,16,18,1,10,15,52,45,329,424,2,10,80,3,0
Ipswich Town,Liverpool,0–2,Home,9,2,8,497,20,9,11,28,5,6,14,57,38,290,381,2,7,60,3,0
Liverpool,Ipswich Town,0–2,Away,18,10,23,720,9,5,18,17,0,4,24,70,62,520,620,5,18,100,1,0
Newcastle Utd,Southampton,1–0,Home,15,3,12,317,16,4,7,39,1,10,11,45,23,128,207,1,3,100,2,1
Southampton,Newcastle Utd,1–0,Away,16,12,30,788,13,3,9,13,2,3,18,39,77,604,702,3,19,0,4,0
Nott'ham Forest,Bournemouth,1–1,Home,17,2,13,677,24,7,25,26,1,13,23,64,53,420,543,8,14,75,1,0
Bournemouth,Nott'ham Forest,1–1,Away,8,6,25,628,18,14,15,29,4,6,18,83,47,363,485,4,13,87,3,0
Everton,Brighton,0–3,Home,8,1,17,499,23,13,18,11,7,4,27,97,40,298,399,1,9,40,1,1
Brighton,Everton,0–3,Away,8,5,14,711,21,8,13,18,1,12,14,55,60,510,605,5,10,100,1,0
Arsenal,Wolves,2–0,Home,17,8,15,569,18,8,17,16,0,6,18,46,53,382,458,6,18,100,2,0
Wolves,Arsenal,2–0,Away,14,2,14,493,19,7,13,13,1,8,15,58,47,324,406,3,9,66,2,0
West Ham,Aston Villa,1–2,Home,18,5,25,571,14,6,14,24,1,7,14,62,52,377,464,2,13,33,1,0
Aston Villa,West Ham,1–2,Away,11,3,15,561,24,7,12,22,1,6,19,54,48,348,433,3,15,100,2,0
Brentford,Crystal Palace,2–1,Home,6,4,17,542,19,11,19,20,1,8,14,70,46,331,440,5,9,100,1,0
Crystal Palace,Brentford,2–1,Away,15,7,14,640,22,5,14,29,3,10,18,60,54,410,519,6,14,60,5,0
Chelsea,Manchester City,0–2,Home,12,4,18,629,20,10,3,13,2,6,17,45,48,461,531,3,10,60,1,0
Manchester City,Chelsea,0–2,Away,9,3,11,664,16,10,5,18,1,5,18,42,52,501,570,5,11,100,1,0
Leicester City,Tottenham,1–1,Home,11,2,15,454,22,10,8,42,2,6,16,48,30,237,313,3,7,83,1,0
Tottenham,Leicester City,1–1,Away,12,13,28,840,23,6,9,16,1,6,18,31,70,631,724,6,15,66,1,0
Brighton,Manchester Utd,2–1,Home,9,4,12,616,17,7,8,11,0,5,19,56,48,435,514,4,14,66,1,0
Manchester Utd,Brighton,2–1,Away,13,4,12,643,19,12,6,9,6,4,14,52,52,470,552,3,11,50,2,0
Tottenham,Everton,4–0,Home,11,12,20,765,22,4,11,14,0,2,19,43,70,574,658,7,13,100,0,0
Everton,Tottenham,4–0,Away,15,5,15,401,29,15,14,16,4,6,15,66,30,211,287,1,10,42,0,0
Fulham,Leicester City,2–1,Home,14,7,21,689,14,8,16,8,0,5,21,61,54,489,582,6,18,75,2,0
Leicester City,Fulham,2–1,Away,13,5,12,606,21,7,13,30,5,12,10,51,46,402,489,4,10,66,2,0
Crystal Palace,West Ham,0–2,Home,9,3,20,709,23,9,13,12,3,10,17,78,58,478,596,2,14,33,1,0
West Ham,Crystal Palace,0–2,Away,17,3,14,558,20,15,23,25,2,13,13,75,42,320,425,3,18,100,1,0
Manchester City,Ipswich Town,4–1,Home,4,10,17,884,14,6,5,9,3,1,20,31,75,726,796,4,13,0,2,0
Ipswich Town,Manchester City,4–1,Away,15,1,6,387,17,10,7,41,1,6,10,42,25,211,266,1,1,25,3,0
Southampton,Nott'ham Forest,0–1,Home,14,4,14,800,18,2,4,19,0,9,13,32,64,618,691,1,5,87,3,0
Nott'ham Forest,Southampton,0–1,Away,14,10,19,503,24,11,11,23,1,4,11,60,36,306,383,8,23,100,3,0
Aston Villa,Arsenal,0–2,Home,8,4,10,457,22,4,9,17,3,9,11,49,40,287,358,3,11,50,1,0
Arsenal,Aston Villa,0–2,Away,16,1,13,635,17,8,7,16,1,6,12,37,60,483,544,4,9,100,3,0
Bournemouth,Newcastle Utd,1–1,Home,20,8,19,515,21,6,13,35,0,9,18,85,39,263,359,4,16,80,2,0
Newcastle Utd,Bournemouth,1–1,Away,8,9,26,658,21,4,10,16,0,9,25,64,61,428,552,5,14,75,2,0
Wolves,Chelsea,2–6,Home,13,5,13,463,19,9,8,20,3,4,19,50,40,272,357,4,12,25,2,0
Chelsea,Wolves,2–6,Away,13,5,11,623,14,9,5,20,1,11,13,50,60,445,525,8,14,50,3,0
Liverpool,Brentford,2–0,Home,10,9,15,741,17,7,6,12,1,5,18,57,62,571,638,8,19,100,2,0
Brentford,Liverpool,2–0,Away,7,4,10,493,10,5,8,15,2,4,20,60,38,322,399,2,8,75,3,0
Arsenal,Brighton,1–1,Home,12,3,7,408,17,12,14,20,3,10,13,58,36,215,296,7,11,75,5,0
Brighton,Arsenal,1–1,Away,7,7,26,620,18,5,18,12,1,5,14,58,64,429,518,4,22,85,2,0
Everton,Bournemouth,2–3,Home,6,8,21,518,17,12,22,22,2,8,20,96,47,280,393,8,18,57,2,0
Bournemouth,Everton,2–3,Away,11,4,24,569,26,7,17,24,2,14,19,73,53,327,441,7,17,75,1,0
Leicester City,Aston Villa,1–2,Home,13,1,18,653,22,11,9,18,3,4,6,41,57,471,545,3,9,60,4,0
Aston Villa,Leicester City,1–2,Away,21,4,10,520,17,7,10,26,1,10,15,47,43,333,411,5,10,66,5,0
Nott'ham Forest,Wolves,1–1,Home,15,7,23,525,17,10,14,13,4,7,17,67,52,312,412,5,16,50,3,0
Wolves,Nott'ham Forest,1–1,Away,18,3,7,520,23,10,16,27,0,7,17,55,48,292,383,2,11,80,4,0
Ipswich Town,Fulham,1–1,Home,15,8,16,529,13,4,11,30,4,4,7,51,48,360,434,4,11,75,2,0
Fulham,Ipswich Town,1–1,Away,15,6,26,545,11,6,12,13,0,7,23,67,52,383,469,4,9,75,3,0
Brentford,Southampton,3–1,Home,10,2,13,521,17,11,9,24,1,4,22,51,37,331,398,7,20,83,2,0
Southampton,Brentford,3–1,Away,7,8,20,752,15,9,3,17,2,9,13,50,63,573,664,6,18,57,1,0
West Ham,Manchester City,1–3,Home,10,3,14,468,11,6,9,20,0,8,19,43,33,310,379,2,10,62,3,0
Manchester City,West Ham,1–3,Away,3,11,22,857,15,7,7,19,1,6,11,56,67,691,762,8,23,100,2,0
Newcastle Utd,Tottenham,2–1,Home,16,7,12,443,17,14,9,32,2,9,16,60,35,207,296,3,9,100,4,0
Tottenham,Newcastle Utd,2–1,Away,13,12,27,675,22,7,13,12,4,3,20,37,65,450,557,6,20,33,4,0
Chelsea,Crystal Palace,1–1,Home,9,4,19,749,13,8,10,18,0,2,14,51,62,553,628,7,13,66,4,0
Crystal Palace,Chelsea,1–1,Away,13,4,9,485,19,6,7,30,1,11,17,57,38,300,382,3,9,85,2,0
Manchester Utd,Liverpool,0–3,Home,7,5,19,661,32,7,5,10,0,8,26,48,53,453,556,3,8,0,4,0
Liverpool,Manchester Utd,0–3,Away,7,2,6,615,24,10,13,28,2,5,22,50,47,414,497,3,11,100,1,0
Southampton,Manchester Utd,0–3,Home,11,0,7,616,21,11,4,16,0,5,11,37,44,439,505,2,5,70,1,1
Manchester Utd,Southampton,0–3,Away,14,7,9,744,22,12,7,12,0,3,17,39,56,576,640,10,20,100,4,0
Brighton,Ipswich Town,0–0,Home,14,9,29,729,19,9,17,8,1,5,14,51,68,512,617,6,21,100,4,0
Ipswich Town,Brighton,0–0,Away,16,2,6,437,25,11,18,34,3,8,15,54,32,205,293,1,6,100,3,0
Crystal Palace,Leicester City,2–2,Home,11,5,27,766,24,8,21,13,3,5,17,71,66,533,652,3,19,50,0,0
Leicester City,Crystal Palace,2–2,Away,15,2,8,460,19,8,12,22,0,6,24,68,34,229,333,4,9,66,3,0
Manchester City,Brentford,2–1,Home,9,12,15,671,12,5,6,13,1,3,19,44,54,507,581,7,18,80,3,0
Brentford,Manchester City,2–1,Away,3,3,12,605,20,9,11,24,1,6,9,70,46,414,492,5,8,71,1,0
Liverpool,Nott'ham Forest,0–1,Home,15,7,19,760,12,11,21,16,0,4,31,67,68,543,655,5,14,66,4,0
Nott'ham Forest,Liverpool,0–1,Away,6,2,6,421,22,11,12,32,5,12,20,79,32,197,304,3,5,100,4,0
Fulham,West Ham,1–1,Home,15,3,22,592,30,13,20,23,3,6,28,70,54,351,451,5,21,66,2,0
West Ham,Fulham,1–1,Away,18,2,16,503,18,10,10,24,2,13,26,62,46,283,379,3,11,80,3,0
Aston Villa,Everton,3–2,Home,10,6,21,804,20,4,8,9,1,1,18,50,72,628,709,7,17,0,1,0
Everton,Aston Villa,3–2,Away,12,2,12,380,24,6,11,31,3,10,13,54,28,203,272,2,6,57,4,0
Bournemouth,Chelsea,0–1,Home,16,6,17,426,14,10,15,17,4,2,17,61,34,214,317,6,18,66,6,0
Chelsea,Bournemouth,0–1,Away,9,3,8,725,12,6,11,17,3,10,23,59,66,522,619,3,10,100,8,0
Tottenham,Arsenal,0–1,Home,13,7,31,670,20,9,14,23,2,3,22,44,63,470,553,5,15,75,5,0
Arsenal,Tottenham,0–1,Away,10,6,13,439,21,9,14,32,3,7,16,56,37,235,320,4,7,100,3,0
Wolves,Newcastle Utd,1–2,Home,17,4,21,582,23,10,8,20,3,8,21,67,49,389,483,5,12,66,3,0
Newcastle Utd,Wolves,1–2,Away,6,7,13,609,14,5,13,25,2,6,16,40,51,434,505,6,14,80,3,0
West Ham,Chelsea,0–3,Home,17,6,29,640,16,8,9,9,2,4,9,43,53,463,542,7,15,40,5,0
Chelsea,West Ham,0–3,Away,9,5,8,598,19,8,10,35,1,7,8,54,47,410,479,5,12,100,2,0
Liverpool,Bournemouth,3–0,Home,10,3,8,737,20,6,9,24,0,7,19,54,58,546,619,12,19,100,1,0
Bournemouth,Liverpool,3–0,Away,12,9,24,556,20,7,6,16,3,2,19,54,42,360,442,6,19,75,4,0
Leicester City,Everton,1–1,Home,11,6,29,636,24,4,17,15,2,8,25,58,58,426,522,2,12,80,1,0
Everton,Leicester City,1–1,Away,12,1,14,511,18,9,12,33,5,11,24,59,42,295,380,5,17,50,2,0
Southampton,Ipswich Town,1–1,Home,16,2,9,622,16,15,8,34,3,7,10,42,53,439,517,3,11,83,4,0
Ipswich Town,Southampton,1–1,Away,16,10,23,552,17,13,18,15,1,1,14,45,47,371,452,6,13,66,4,0
Tottenham,Brentford,3–1,Home,11,9,23,621,18,17,13,19,1,3,18,49,48,381,485,9,23,83,3,0
Brentford,Tottenham,3–1,Away,9,4,12,654,27,11,7,27,2,10,16,88,52,411,523,6,6,66,1,0
Fulham,Newcastle Utd,3–1,Home,16,6,17,484,19,6,6,21,1,12,14,51,39,305,379,11,22,80,6,0
Newcastle Utd,Fulham,3–1,Away,8,0,12,702,9,10,15,15,6,11,19,45,61,537,605,5,16,72,0,0
Aston Villa,Wolves,3–1,Home,11,6,17,584,15,5,7,15,1,1,11,28,53,412,480,3,9,75,3,0
Wolves,Aston Villa,3–1,Away,16,5,11,532,23,10,10,21,5,7,12,55,47,364,432,4,10,0,6,0
Crystal Palace,Manchester Utd,0–0,Home,7,4,14,479,22,13,13,31,1,11,9,72,33,239,342,4,9,100,3,0
Manchester Utd,Crystal Palace,0–0,Away,12,11,23,814,14,9,18,15,0,4,31,60,67,586,698,6,15,100,2,0
Brighton,Nott'ham Forest,2–2,Home,12,9,43,709,12,7,18,8,0,1,25,51,70,510,619,3,14,50,3,0
Nott'ham Forest,Brighton,2–2,Away,11,1,4,399,18,8,9,51,4,12,16,66,30,182,270,2,3,33,6,0
Manchester City,Arsenal,2–2,Home,7,8,24,847,10,3,16,9,0,3,20,53,77,669,749,11,33,33,3,0
Arsenal,Manchester City,2–2,Away,10,2,7,332,16,4,11,41,1,12,5,51,23,154,221,3,5,81,6,0
Newcastle Utd,Manchester City,1–1,Home,14,5,16,463,15,10,13,23,1,8,14,58,38,285,368,3,10,83,4,0
Manchester City,Newcastle Utd,1–1,Away,10,6,19,705,15,7,6,21,0,5,14,48,62,511,598,6,16,100,4,0
Chelsea,Brighton,4–2,Home,11,8,11,536,22,7,6,20,6,8,11,57,41,312,414,5,14,60,3,0
Brighton,Chelsea,4–2,Away,8,2,16,724,16,12,11,12,2,7,21,45,59,501,593,5,15,40,2,0
Arsenal,Leicester City,4–2,Home,11,17,38,837,19,4,18,8,0,3,19,50,74,620,723,16,35,33,2,0
Leicester City,Arsenal,4–2,Away,6,0,4,419,24,6,15,63,1,10,16,49,26,192,257,3,5,81,4,0
Brentford,West Ham,1–1,Home,2,7,28,700,25,10,16,19,1,13,18,70,57,448,578,3,8,66,2,0
West Ham,Brentford,1–1,Away,11,6,16,578,17,10,17,38,2,6,18,76,43,338,439,3,19,66,3,0
Everton,Crystal Palace,2–1,Home,13,5,23,509,14,16,28,24,2,8,22,81,41,287,399,2,8,75,2,0
Crystal Palace,Everton,2–1,Away,11,8,20,684,25,8,20,25,0,4,21,76,59,458,581,4,17,0,0,0
Nott'ham Forest,Fulham,0–1,Home,11,6,26,494,8,9,18,21,7,5,13,50,41,291,398,1,11,100,2,0
Fulham,Nott'ham Forest,0–1,Away,15,5,23,677,7,9,7,44,1,6,10,47,59,473,563,1,13,100,4,0
Wolves,Liverpool,1–2,Home,16,2,15,561,14,9,10,23,1,7,15,51,45,382,465,3,8,80,2,0
Liverpool,Wolves,1–2,Away,8,10,21,655,10,7,10,12,2,5,14,53,55,476,574,5,9,66,3,0
Ipswich Town,Aston Villa,2–2,Home,10,10,17,527,18,7,8,17,2,5,12,60,44,361,441,5,15,33,4,0
Aston Villa,Ipswich Town,2–2,Away,14,0,4,652,15,5,7,18,1,10,12,53,56,493,561,3,7,60,1,0
Manchester Utd,Tottenham,0–3,Home,16,5,21,555,27,17,6,16,2,10,9,71,39,336,436,2,11,70,5,1
Tottenham,Manchester Utd,0–3,Away,14,3,15,781,7,11,8,16,1,9,16,44,61,591,675,10,24,100,3,0
Bournemouth,Southampton,3–1,Home,19,6,19,534,20,11,9,18,1,4,19,60,40,321,420,6,14,66,2,0
Southampton,Bournemouth,3–1,Away,12,4,14,743,20,8,16,21,1,6,23,56,60,530,620,3,9,50,5,0
Crystal Palace,Liverpool,0–1,Home,7,3,9,423,8,5,7,27,1,10,10,65,32,221,325,5,9,75,4,0
Liverpool,Crystal Palace,0–1,Away,15,8,16,778,13,13,27,15,0,7,22,76,68,584,691,4,16,100,2,0
Manchester City,Fulham,3–2,Home,4,8,16,770,10,4,7,20,0,1,10,24,58,592,663,7,20,50,2,0
Fulham,Manchester City,3–2,Away,10,3,15,598,23,7,5,22,3,8,12,54,42,410,486,4,11,57,1,0
Brentford,Wolves,5–3,Home,9,10,27,538,16,6,22,31,5,10,11,73,44,308,410,11,18,50,2,0
Wolves,Brentford,5–3,Away,10,3,20,626,17,5,20,24,1,10,12,74,56,394,514,6,17,63,3,0
West Ham,Ipswich Town,4–1,Home,12,5,11,643,19,8,10,17,3,7,13,62,52,452,528,12,23,50,0,0
Ipswich Town,West Ham,4–1,Away,6,5,15,568,15,6,16,14,1,5,24,55,48,393,479,2,9,66,1,0
Arsenal,Southampton,3–1,Home,10,13,32,677,16,9,9,10,1,1,18,57,59,505,590,6,29,50,0,0
Southampton,Arsenal,3–1,Away,9,1,7,530,15,9,14,33,0,17,7,41,41,345,411,2,8,50,3,0
Leicester City,Bournemouth,1–0,Home,12,0,6,537,14,7,21,40,2,14,26,84,45,306,404,2,6,100,4,0
Bournemouth,Leicester City,1–0,Away,14,9,30,607,22,6,16,20,1,8,17,56,55,385,494,2,19,50,1,0
Everton,Newcastle Utd,0–0,Home,12,0,9,469,19,10,13,30,2,9,14,64,33,246,340,2,8,100,1,0
Newcastle Utd,Everton,0–0,Away,8,10,22,816,25,8,11,8,3,7,16,48,67,594,703,1,13,100,2,0
Aston Villa,Manchester Utd,0–0,Home,12,6,20,541,12,6,8,14,0,5,15,50,53,359,454,1,11,100,1,0
Manchester Utd,Aston Villa,0–0,Away,11,3,9,508,21,12,14,24,1,11,14,55,47,320,396,4,10,100,5,0
Chelsea,Nott'ham Forest,1–1,Home,12,11,29,741,14,8,13,18,1,3,12,56,65,543,641,8,22,88,6,0
Nott'ham Forest,Chelsea,1–1,Away,11,3,11,459,12,6,15,33,3,14,14,59,35,249,339,9,16,87,4,0
Brighton,Tottenham,3–2,Home,14,4,15,517,12,11,7,20,2,9,12,55,41,319,397,4,11,33,2,0
Tottenham,Brighton,3–2,Away,10,7,19,676,20,7,8,14,2,6,17,41,59,485,571,3,13,25,2,0
Tottenham,West Ham,4–1,Home,10,13,28,650,25,5,9,16,2,7,18,40,57,443,527,7,22,66,1,0
West Ham,Tottenham,4–1,Away,15,5,12,530,33,11,7,28,1,11,17,74,43,317,400,3,11,57,3,1
Southampton,Leicester City,2–3,Home,10,10,19,530,21,9,12,34,1,11,16,63,42,317,398,7,14,33,5,1
Leicester City,Southampton,2–3,Away,10,6,27,669,30,5,7,23,2,7,17,52,58,452,546,3,17,71,3,0
Ipswich Town,Everton,0–2,Home,12,5,27,647,13,9,12,17,1,4,18,63,55,449,539,2,13,75,1,0
Everton,Ipswich Town,0–2,Away,10,7,13,538,18,6,11,33,0,9,15,83,45,336,435,8,11,100,1,0
Newcastle Utd,Brighton,0–1,Home,11,9,23,719,26,13,10,7,3,7,20,59,60,479,599,6,21,80,2,0
Brighton,Newcastle Utd,0–1,Away,9,4,8,559,26,9,16,38,0,8,14,69,40,313,399,5,10,100,2,0
Fulham,Aston Villa,1–3,Home,8,6,30,590,18,14,14,21,2,8,14,60,52,398,483,3,9,60,3,1
Aston Villa,Fulham,1–3,Away,11,11,19,549,11,14,5,23,2,7,13,41,48,374,444,5,14,66,5,0
Manchester Utd,Brentford,2–1,Home,4,9,19,640,25,8,22,25,1,7,18,73,50,435,530,11,23,50,2,0
Brentford,Manchester Utd,2–1,Away,5,2,13,652,15,10,18,30,3,8,16,55,50,435,522,2,8,81,2,0
Bournemouth,Arsenal,2–0,Home,12,7,25,564,16,6,12,21,1,6,18,67,49,346,453,3,12,100,1,0
Arsenal,Bournemouth,2–0,Away,11,4,15,587,17,6,17,29,1,7,12,66,51,361,470,1,6,66,1,1
Wolves,Manchester City,1–2,Home,8,1,4,374,26,6,14,50,2,9,11,79,23,158,237,2,3,71,4,0
Manchester City,Wolves,1–2,Away,5,18,40,890,14,3,13,5,1,3,20,31,77,686,795,7,22,50,1,0
Liverpool,Chelsea,2–1,Home,12,1,4,527,25,6,6,18,5,9,17,68,43,345,439,4,8,50,4,0
Chelsea,Liverpool,2–1,Away,13,5,17,674,12,8,10,12,0,4,14,59,57,499,579,2,12,75,3,0
Nott'ham Forest,Crystal Palace,1–0,Home,9,6,23,625,9,14,18,18,2,9,21,62,51,391,493,6,20,100,2,0
Crystal Palace,Nott'ham Forest,1–0,Away,12,6,16,609,23,5,14,25,2,6,15,48,49,375,482,7,20,83,3,0
Leicester City,Nott'ham Forest,1–3,Home,16,6,26,740,14,6,24,26,0,8,23,52,65,518,615,1,11,40,5,0
Nott'ham Forest,Leicester City,1–3,Away,9,7,21,464,19,10,15,28,1,12,10,71,35,240,338,5,20,0,3,0
Brentford,Ipswich Town,4–3,Home,7,4,26,718,8,4,25,33,2,8,25,66,65,499,612,8,19,40,0,0
Ipswich Town,Brentford,4–3,Away,10,5,19,455,13,12,14,36,1,9,11,65,35,220,328,5,11,62,3,0
Brighton,Wolves,2–2,Home,12,9,26,637,17,9,11,22,2,6,14,58,51,417,500,6,19,71,3,0
Wolves,Brighton,2–2,Away,10,6,19,601,24,9,15,30,1,9,15,66,49,388,480,7,14,66,3,0
Manchester City,Southampton,1–0,Home,9,12,29,735,12,10,6,14,1,3,12,40,57,595,660,7,22,100,1,0
Southampton,Manchester City,1–0,Away,9,1,2,600,14,6,8,30,2,8,11,31,43,454,503,2,5,85,3,0
Aston Villa,Bournemouth,1–1,Home,12,9,21,562,11,11,13,17,0,9,14,52,57,383,475,8,18,66,7,0
Bournemouth,Aston Villa,1–1,Away,14,7,20,484,17,11,15,20,5,10,7,59,43,288,365,3,10,87,6,0
Everton,Fulham,1–1,Home,8,4,17,530,19,8,18,27,4,11,19,58,40,331,429,5,10,66,1,0
Fulham,Everton,1–1,Away,8,2,17,742,16,4,8,23,2,2,24,63,60,539,638,3,14,80,0,0
Chelsea,Newcastle Utd,2–1,Home,13,7,20,618,12,16,13,25,2,8,12,76,50,404,495,7,17,50,6,0
Newcastle Utd,Chelsea,2–1,Away,16,4,11,581,13,6,14,13,1,7,21,61,50,400,495,2,11,71,3,0
West Ham,Manchester Utd,2–1,Home,6,6,23,562,11,12,13,42,3,7,14,49,42,338,436,2,11,80,5,0
Manchester Utd,West Ham,2–1,Away,7,5,24,714,19,6,14,31,3,6,24,61,58,486,595,5,18,50,1,0
Crystal Palace,Tottenham,1–0,Home,16,8,29,450,32,11,21,38,4,9,13,77,34,181,296,6,14,100,4,0
Tottenham,Crystal Palace,1–0,Away,12,8,28,690,19,10,15,23,1,12,18,57,66,445,571,3,11,83,4,0
Arsenal,Liverpool,2–2,Home,14,1,13,514,17,7,18,28,2,6,15,52,45,320,415,3,9,50,2,0
Liverpool,Arsenal,2–2,Away,14,3,24,605,16,5,11,22,1,9,20,69,55,411,514,4,9,33,2,0
Newcastle Utd,Arsenal,1–0,Home,16,4,13,425,23,6,18,26,0,11,18,68,37,218,321,4,9,,4,0
Arsenal,Newcastle Utd,1–0,Away,18,6,27,659,17,6,14,18,0,1,17,53,63,463,554,0,10,75,4,0
Southampton,Everton,1–0,Home,14,3,19,736,14,7,7,25,3,9,8,42,65,559,626,2,9,100,4,0
Everton,Southampton,1–0,Away,18,6,19,437,21,8,5,17,1,7,12,67,35,263,340,5,16,50,2,0
Liverpool,Brighton,2–1,Home,10,9,18,602,28,10,10,15,1,4,17,54,49,389,483,8,16,80,1,0
Brighton,Liverpool,2–1,Away,18,7,15,635,18,9,8,27,0,8,18,57,51,429,505,5,13,75,1,0
Nott'ham Forest,West Ham,3–0,Home,7,10,20,606,18,6,13,25,1,3,20,64,54,397,489,6,19,100,1,0
West Ham,Nott'ham Forest,3–0,Away,9,6,15,529,13,11,15,32,1,12,13,58,46,326,423,1,4,50,4,0
Ipswich Town,Leicester City,1–1,Home,11,4,12,487,16,9,20,23,0,12,25,51,43,266,359,2,14,80,6,0
Leicester City,Ipswich Town,1–1,Away,10,6,21,596,21,4,18,18,0,10,17,78,57,372,475,5,20,50,2,0
Bournemouth,Manchester City,2–1,Home,11,3,12,480,16,12,13,39,2,11,10,71,36,297,362,6,12,75,2,0
Manchester City,Bournemouth,2–1,Away,6,10,27,748,14,5,14,9,0,7,17,50,64,570,652,4,18,66,1,0
Wolves,Crystal Palace,2–2,Home,7,3,12,654,25,13,13,24,4,8,26,77,57,423,534,6,11,66,1,0
Crystal Palace,Wolves,2–2,Away,9,6,23,546,14,9,15,28,1,5,19,50,43,299,403,6,19,66,2,0
Tottenham,Aston Villa,4–1,Home,14,6,23,560,17,16,12,19,0,7,12,33,51,369,435,6,16,0,2,0
Aston Villa,Tottenham,4–1,Away,14,4,12,525,19,11,11,26,0,12,16,51,49,342,420,1,12,33,0,0
Manchester Utd,Chelsea,1–1,Home,19,4,13,554,22,11,8,20,4,7,12,62,46,344,441,3,10,66,6,0
Chelsea,Manchester Utd,1–1,Away,14,8,19,616,20,7,17,17,0,3,13,47,54,414,512,3,12,100,2,0
Fulham,Brentford,2–1,Home,3,11,43,812,15,13,16,10,2,6,21,82,68,595,712,12,26,50,2,0
Brentford,Fulham,2–1,Away,10,3,6,472,16,12,23,39,0,11,8,73,32,237,338,2,5,83,1,0
Brentford,Bournemouth,3–2,Home,8,6,23,579,11,6,37,42,0,9,19,65,51,333,457,6,12,33,2,0
Bournemouth,Brentford,3–2,Away,16,4,23,564,16,8,18,32,1,6,21,84,49,315,434,3,15,50,4,0
West Ham,Everton,0–0,Home,10,7,14,629,13,4,18,33,1,7,23,69,49,374,492,6,11,100,1,0
Everton,West Ham,0–0,Away,9,6,27,633,20,8,18,18,1,5,32,85,51,384,515,4,18,100,2,0
Crystal Palace,Fulham,0–2,Home,10,1,12,517,19,19,13,25,1,10,15,61,36,293,385,4,13,71,1,1
Fulham,Crystal Palace,0–2,Away,11,8,20,784,16,11,17,12,4,6,20,64,64,560,676,7,17,100,1,0
Wolves,Southampton,2–0,Home,14,1,3,409,14,7,5,29,3,7,10,46,29,227,299,4,8,,1,0
Southampton,Wolves,2–0,Away,12,9,25,810,16,5,8,6,0,4,20,42,71,635,724,0,9,50,4,0
Brighton,Manchester City,2–1,Home,12,0,8,568,16,12,6,21,3,7,12,40,40,390,453,4,10,83,3,0
Manchester City,Brighton,2–1,Away,10,4,11,773,12,4,5,8,1,3,18,52,60,613,689,6,15,50,3,0
Liverpool,Aston Villa,2–0,Home,11,2,8,747,12,7,6,19,1,7,13,45,62,564,644,5,14,100,0,0
Aston Villa,Liverpool,2–0,Away,15,9,23,482,16,6,6,18,1,11,9,44,38,306,389,2,12,60,3,0
Manchester Utd,Leicester City,3–0,Home,9,1,15,659,33,7,12,20,1,2,20,47,51,446,534,3,13,100,0,0
Leicester City,Manchester Utd,3–0,Away,5,5,16,633,22,7,18,20,2,3,26,55,49,421,516,5,6,33,1,0
Nott'ham Forest,Newcastle Utd,1–3,Home,13,4,23,537,29,7,15,27,3,9,17,67,44,319,429,3,9,50,1,0
Newcastle Utd,Nott'ham Forest,1–3,Away,6,5,28,666,13,14,22,23,0,3,20,47,56,453,546,6,17,66,1,0
Tottenham,Ipswich Town,1–2,Home,10,12,33,714,13,13,15,14,0,2,22,53,66,494,609,5,17,33,1,0
Ipswich Town,Tottenham,1–2,Away,19,2,8,446,17,11,12,34,0,15,13,72,34,210,312,3,8,80,5,0
Chelsea,Arsenal,1–1,Home,12,4,14,543,19,7,9,18,1,8,9,57,49,376,447,3,17,66,4,0
Arsenal,Chelsea,1–1,Away,12,3,17,564,13,6,10,16,7,7,18,40,51,400,474,3,13,66,2,0
Leicester City,Chelsea,1–2,Home,15,2,7,500,18,8,7,20,3,12,19,64,37,286,386,0,3,66,4,0
Chelsea,Leicester City,1–2,Away,12,9,15,755,18,9,8,11,1,4,17,51,63,545,645,6,16,,3,0
Arsenal,Nott'ham Forest,3–0,Home,10,8,18,730,15,4,11,13,4,6,15,45,66,560,631,6,19,,3,0
Nott'ham Forest,Arsenal,3–0,Away,11,1,18,422,16,10,14,26,2,13,11,55,34,253,327,0,7,50,2,0
Bournemouth,Brighton,1–2,Home,13,7,36,646,20,10,8,8,5,6,16,65,55,442,542,5,19,50,2,0
Brighton,Bournemouth,1–2,Away,10,0,2,565,20,6,18,33,1,18,18,58,45,358,446,4,6,80,4,0
Aston Villa,Crystal Palace,2–2,Home,10,10,20,755,9,4,12,13,1,8,16,50,69,554,658,4,16,66,3,0
Crystal Palace,Aston Villa,2–2,Away,11,1,15,423,23,10,11,24,2,11,15,57,31,193,293,6,13,50,2,0
Everton,Brentford,0–0,Home,8,10,43,648,12,3,15,23,3,4,15,71,59,440,533,5,27,100,0,0
Brentford,Everton,0–0,Away,10,4,11,490,18,3,18,33,3,14,12,57,41,282,369,2,9,100,0,1
Fulham,Wolves,1–4,Home,14,7,28,706,23,11,6,9,2,4,21,58,59,499,603,3,10,20,3,0
Wolves,Fulham,1–4,Away,14,2,6,561,17,8,7,37,1,7,25,59,41,349,426,5,10,66,0,0
Manchester City,Tottenham,0–4,Home,19,9,33,716,13,9,10,13,2,2,16,44,58,546,618,5,23,42,4,0
Tottenham,Manchester City,0–4,Away,9,3,10,550,13,5,5,29,3,17,9,40,42,373,453,7,9,100,2,0
Southampton,Liverpool,2–3,Home,11,3,8,526,15,5,4,33,0,8,13,32,38,327,396,4,6,80,3,0
Liverpool,Southampton,2–3,Away,9,10,30,738,16,8,3,6,1,6,18,54,62,559,650,10,26,50,4,0
Ipswich Town,Manchester Utd,1–1,Home,11,4,16,554,16,5,9,13,0,4,17,56,40,368,462,6,11,75,0,0
Manchester Utd,Ipswich Town,1–1,Away,10,3,7,781,15,11,13,17,1,3,21,58,60,592,682,4,11,83,0,0
Newcastle Utd,West Ham,0–2,Home,11,8,35,681,21,7,7,21,1,4,22,52,53,474,576,2,18,66,1,0
West Ham,Newcastle Utd,0–2,Away,8,3,12,649,26,10,14,33,0,17,16,82,47,414,511,6,15,100,0,0
Brighton,Southampton,1–1,Home,20,7,32,623,14,3,10,16,3,3,13,43,53,439,511,5,22,50,2,0
Southampton,Brighton,1–1,Away,16,6,23,570,17,4,9,32,1,14,7,52,47,386,459,2,10,80,4,0
Crystal Palace,Newcastle Utd,1–1,Home,12,8,22,563,30,13,16,24,2,3,22,64,49,351,450,3,16,,3,0
Newcastle Utd,Crystal Palace,1–1,Away,11,9,22,575,12,8,16,27,2,8,22,62,51,367,471,0,1,66,3,0
Wolves,Bournemouth,2–4,Home,13,3,21,706,28,6,12,21,2,4,25,62,60,472,571,3,10,80,5,0
Bournemouth,Wolves,2–4,Away,11,4,15,510,26,8,14,24,1,9,13,63,40,279,375,5,9,33,1,0
Nott'ham Forest,Ipswich Town,1–0,Home,5,8,20,468,20,8,16,22,3,0,19,59,45,258,354,4,11,100,1,0
Ipswich Town,Nott'ham Forest,1–0,Away,16,7,16,531,16,4,17,21,1,8,26,53,55,333,438,2,7,100,3,0
Brentford,Leicester City,4–1,Home,9,5,20,741,20,9,19,29,1,5,27,55,60,518,627,6,13,66,1,0
Leicester City,Brentford,4–1,Away,10,4,17,528,15,10,16,26,1,9,17,77,40,310,419,3,7,33,1,0
West Ham,Arsenal,2–5,Home,10,2,9,471,22,6,17,20,1,5,11,55,40,268,348,5,12,40,4,0
Arsenal,West Ham,2–5,Away,13,10,19,621,17,6,10,14,1,4,23,54,60,425,526,5,14,60,1,0
Chelsea,Aston Villa,3–0,Home,21,3,12,737,17,3,5,5,3,3,9,45,64,579,656,8,17,100,2,0
Aston Villa,Chelsea,3–0,Away,6,4,7,460,16,10,6,12,1,8,8,47,36,307,370,3,10,62,2,0
Tottenham,Fulham,1–1,Home,4,7,16,641,16,9,12,27,1,5,19,37,51,449,532,3,8,83,0,0
Fulham,Tottenham,1–1,Away,14,11,28,605,16,14,15,22,1,5,15,70,49,409,502,6,14,66,1,1
Manchester Utd,Everton,4–0,Home,12,2,6,740,16,10,9,15,3,4,10,44,60,580,653,5,11,100,2,0
Everton,Manchester Utd,4–0,Away,12,2,13,525,19,5,10,8,2,3,11,49,40,372,442,2,8,20,3,0
Liverpool,Manchester City,2–0,Home,9,7,14,571,22,6,7,13,4,6,21,73,44,376,459,6,17,100,1,0
Manchester City,Liverpool,2–0,Away,8,4,9,686,17,5,5,23,3,11,13,36,56,498,573,2,8,83,3,0
Ipswich Town,Crystal Palace,0–1,Home,14,4,21,670,18,9,31,26,1,10,13,77,54,456,563,2,9,66,2,0
Crystal Palace,Ipswich Town,0–1,Away,13,7,18,570,15,4,15,26,1,5,13,82,46,371,474,3,13,100,4,0
Leicester City,West Ham,3–1,Home,9,3,11,552,35,12,20,34,1,14,13,72,39,304,409,6,8,87,2,0
West Ham,Leicester City,3–1,Away,7,9,27,783,13,8,29,12,2,3,27,61,61,544,649,8,31,50,2,0
Everton,Wolves,4–0,Home,10,3,10,535,20,13,8,31,4,9,21,77,44,317,407,4,13,100,2,0
Wolves,Everton,4–0,Away,8,4,13,632,30,6,10,13,0,5,30,84,56,415,521,2,6,50,0,0
Newcastle Utd,Liverpool,3–3,Home,9,5,16,510,14,5,9,17,4,6,20,50,42,307,402,6,17,40,2,0
Liverpool,Newcastle Utd,3–3,Away,17,6,15,677,23,10,9,23,0,9,15,47,58,473,553,5,16,50,5,0
Manchester City,Nott'ham Forest,3–0,Home,7,8,15,714,16,5,7,15,1,9,16,42,66,545,620,6,17,100,2,0
Nott'ham Forest,Manchester City,3–0,Away,15,2,13,427,24,14,5,19,2,10,14,42,34,245,318,3,12,50,4,0
Southampton,Chelsea,1–5,Home,7,5,16,552,12,6,7,23,3,8,12,41,45,402,467,4,6,54,1,1
Chelsea,Southampton,1–5,Away,14,7,12,652,15,8,6,14,1,1,8,25,55,508,560,11,26,75,0,0
Arsenal,Manchester Utd,2–0,Home,12,13,23,588,15,3,12,9,2,4,16,57,51,425,508,6,14,100,1,0
Manchester Utd,Arsenal,2–0,Away,8,0,6,590,19,10,9,22,2,7,11,55,49,425,497,2,5,66,3,0
Aston Villa,Brentford,3–1,Home,11,10,24,537,16,8,11,25,0,5,13,55,49,350,427,9,19,0,2,0
Brentford,Aston Villa,3–1,Away,15,5,21,547,14,8,16,21,1,5,15,59,51,360,443,1,9,77,2,0
Fulham,Brighton,3–1,Home,7,5,16,531,16,8,15,35,0,12,18,67,43,330,419,2,6,66,2,0
Brighton,Fulham,3–1,Away,8,6,21,665,11,11,13,21,1,3,24,60,57,468,548,3,13,0,2,0
Bournemouth,Tottenham,1–0,Home,15,5,14,436,25,18,12,27,3,11,22,70,35,194,290,8,21,100,2,0
Tottenham,Bournemouth,1–0,Away,8,9,21,679,24,9,7,16,3,14,32,44,65,428,538,4,12,87,2,0
Brentford,Newcastle Utd,4–2,Home,10,3,15,542,24,4,10,29,3,11,12,63,43,331,427,7,11,33,3,0
Newcastle Utd,Brentford,4–2,Away,7,4,24,666,12,3,9,24,2,9,24,47,57,462,555,3,16,42,0,0
Crystal Palace,Manchester City,2–2,Home,4,6,13,471,18,6,6,24,3,4,14,66,32,276,364,3,12,50,1,0
Manchester City,Crystal Palace,2–2,Away,10,8,16,854,14,7,12,18,2,3,17,58,68,665,762,4,12,33,2,0
Aston Villa,Southampton,1–0,Home,18,14,25,562,27,8,9,11,0,3,10,45,47,383,462,4,18,,1,0
Southampton,Aston Villa,1–0,Away,15,1,13,635,15,12,8,17,4,8,14,48,53,456,524,0,4,75,3,0
Manchester Utd,Nott'ham Forest,2–3,Home,10,5,23,732,13,9,14,5,0,7,17,49,71,548,642,7,17,0,0,0
Nott'ham Forest,Manchester Utd,2–3,Away,13,3,7,371,16,8,16,32,1,10,11,52,29,172,263,3,11,71,2,0
Fulham,Arsenal,1–1,Home,10,0,10,425,27,9,6,24,0,15,9,67,34,233,328,2,2,75,4,0
Arsenal,Fulham,1–1,Away,9,6,33,744,9,6,10,11,3,2,23,52,66,556,650,4,12,50,2,0
Ipswich Town,Bournemouth,1–2,Home,9,6,13,516,19,5,25,30,0,11,23,72,44,268,377,5,18,66,2,0
Bournemouth,Ipswich Town,1–2,Away,13,13,23,632,23,10,19,28,0,7,18,76,56,379,488,6,22,80,1,0
Leicester City,Brighton,2–2,Home,9,4,20,655,15,6,14,11,1,12,25,49,56,472,570,3,10,71,1,0
Brighton,Leicester City,2–2,Away,10,5,15,573,19,6,11,23,0,5,10,51,44,381,457,7,16,33,2,0
Tottenham,Chelsea,3–4,Home,17,5,15,455,19,4,8,19,3,6,16,28,39,286,355,5,13,66,2,0
Chelsea,Tottenham,3–4,Away,11,10,16,656,18,12,8,9,2,6,18,60,61,471,556,6,15,40,3,0
West Ham,Wolves,2–1,Home,12,11,22,586,13,8,20,18,4,8,16,72,54,375,480,4,19,80,5,0
Wolves,West Ham,2–1,Away,17,0,13,513,19,4,24,22,1,5,16,77,46,311,409,5,19,50,4,0
Newcastle Utd,Leicester City,4–0,Home,7,5,15,788,8,6,11,15,0,3,18,44,59,578,668,11,27,100,3,0
Leicester City,Newcastle Utd,4–0,Away,16,2,10,576,23,13,13,25,2,13,20,61,41,361,466,1,4,63,3,0
Arsenal,Everton,0–0,Home,6,8,28,847,18,0,14,7,5,1,23,44,76,666,746,5,13,,0,0
Everton,Arsenal,0–0,Away,9,2,8,354,29,7,9,38,3,6,17,55,24,162,239,0,2,100,3,0
Wolves,Ipswich Town,1–2,Home,13,7,25,662,20,6,12,19,2,3,19,65,54,443,549,6,16,66,2,0
Ipswich Town,Wolves,1–2,Away,9,3,17,574,12,12,15,31,4,6,11,53,46,371,460,3,10,83,2,0
Liverpool,Fulham,2–2,Home,10,5,31,678,15,9,13,8,2,8,18,64,61,498,586,4,16,33,3,1
Fulham,Liverpool,2–2,Away,7,4,14,481,15,7,9,30,2,13,11,59,39,295,371,3,12,50,4,0
Nott'ham Forest,Aston Villa,2–1,Home,12,4,21,620,19,8,10,25,2,5,5,39,50,441,501,6,17,50,0,0
Aston Villa,Nott'ham Forest,2–1,Away,6,3,16,595,11,6,8,22,2,6,11,43,50,431,501,2,8,66,1,0
Brighton,Crystal Palace,1–3,Home,11,8,23,715,22,5,13,10,1,4,13,47,64,528,613,5,17,40,1,0
Crystal Palace,Brighton,1–3,Away,15,5,12,468,25,8,15,29,1,12,17,62,36,247,339,5,13,100,4,0
Manchester City,Manchester Utd,1–2,Home,5,8,19,625,14,10,10,10,0,8,19,53,52,453,538,3,10,50,1,0
Manchester Utd,Manchester City,1–2,Away,14,2,10,617,24,17,12,19,6,6,11,56,48,431,499,2,9,66,1,0
Southampton,Tottenham,0–5,Home,8,2,13,533,15,11,9,15,2,6,13,44,42,392,458,3,9,44,1,0
Tottenham,Southampton,0–5,Away,15,5,15,724,14,16,4,12,0,7,11,37,58,566,632,9,18,100,3,0
Chelsea,Brentford,2–1,Home,11,8,34,697,15,8,20,22,1,3,21,74,62,483,585,8,26,75,2,0
Brentford,Chelsea,2–1,Away,7,5,18,481,17,6,19,37,3,12,11,66,38,263,363,4,9,75,2,0
Bournemouth,West Ham,1–1,Home,6,12,30,622,13,10,21,26,1,5,20,93,52,362,491,9,29,100,0,0
West Ham,Bournemouth,1–1,Away,11,6,23,579,12,8,23,31,1,9,12,92,48,326,461,2,15,88,2,0
Aston Villa,Manchester City,2–1,Home,14,5,6,533,22,4,2,16,3,6,13,43,44,383,451,6,11,83,3,0
Manchester City,Aston Villa,2–1,Away,7,4,14,651,6,5,2,15,0,4,10,38,56,513,566,6,12,66,3,0
West Ham,Brighton,1–1,Home,14,8,14,543,26,7,17,31,5,7,21,85,47,311,418,4,11,83,2,0
Brighton,West Ham,1–1,Away,20,4,22,610,18,9,21,23,1,2,13,59,53,393,478,6,12,75,2,0
Brentford,Nott'ham Forest,0–2,Home,10,9,38,688,17,13,17,17,1,6,14,64,64,472,589,3,7,66,3,0
Nott'ham Forest,Brentford,0–2,Away,14,5,14,487,20,18,20,50,3,10,16,61,36,245,336,6,10,100,4,0
Ipswich Town,Newcastle Utd,0–4,Home,9,2,12,540,10,4,8,14,3,8,11,56,42,374,462,2,10,42,2,0
Newcastle Utd,Ipswich Town,0–4,Away,7,1,10,739,15,6,7,18,1,8,19,57,58,564,649,7,15,100,0,0
Crystal Palace,Arsenal,1–5,Home,9,3,14,528,25,3,13,27,1,3,14,48,42,336,422,6,15,16,2,0
Arsenal,Crystal Palace,1–5,Away,8,3,17,710,14,11,19,16,0,5,21,51,58,509,593,6,14,83,2,0
Manchester Utd,Bournemouth,0–3,Home,11,13,21,651,19,4,13,10,0,4,19,67,60,426,537,7,23,50,1,0
Bournemouth,Manchester Utd,0–3,Away,11,1,8,510,25,11,10,32,2,12,17,64,40,267,365,4,9,100,3,0
Fulham,Southampton,0–0,Home,8,6,28,695,10,8,15,12,1,3,26,41,57,499,598,5,15,100,1,0
Southampton,Fulham,0–0,Away,15,5,13,568,19,11,15,39,2,11,14,63,43,352,450,1,5,100,3,0
Everton,Chelsea,0–0,Home,20,2,9,344,30,10,9,23,2,11,7,57,25,163,231,4,5,100,4,0
Chelsea,Everton,0–0,Away,12,5,18,783,23,2,9,13,1,1,20,64,75,605,686,4,12,100,1,0
Leicester City,Wolves,0–3,Home,15,6,24,686,18,9,11,8,1,6,20,41,54,500,595,4,9,25,2,0
Wolves,Leicester City,0–3,Away,16,1,8,610,20,7,8,22,1,5,8,67,46,419,505,4,8,100,0,0
Tottenham,Liverpool,3–6,Home,7,7,16,711,20,8,5,24,4,15,18,43,52,490,589,5,9,45,1,0
Liverpool,Tottenham,3–6,Away,9,5,21,681,27,15,8,22,4,7,10,58,48,453,540,11,24,40,2,0
Manchester City,Everton,1–1,Home,5,8,23,789,16,1,9,13,2,5,15,43,66,615,689,4,23,66,1,0
Everton,Manchester City,1–1,Away,10,5,16,479,17,7,9,37,2,10,11,65,34,281,354,3,8,75,4,0
Chelsea,Fulham,1–2,Home,13,3,14,631,12,6,7,19,3,9,12,49,47,443,543,8,12,71,1,0
Fulham,Chelsea,1–2,Away,13,1,20,704,9,12,11,21,1,6,10,57,53,513,605,7,14,87,3,0
Southampton,West Ham,0–1,Home,15,2,23,622,15,10,22,14,0,9,17,78,54,429,519,5,18,50,1,0
West Ham,Southampton,0–1,Away,8,2,10,544,19,6,20,23,0,11,13,63,46,345,437,2,16,100,2,0
Bournemouth,Crystal Palace,0–0,Home,13,5,27,649,22,6,15,22,1,6,22,72,52,405,512,3,18,100,2,0
Crystal Palace,Bournemouth,0–0,Away,12,2,11,611,27,8,19,29,1,13,20,72,48,362,465,4,10,100,2,0
Newcastle Utd,Aston Villa,3–0,Home,15,9,18,679,11,8,14,25,5,3,7,43,62,520,585,7,22,100,2,0
Aston Villa,Newcastle Utd,3–0,Away,10,6,20,436,15,5,8,18,3,10,11,50,38,267,353,1,4,57,1,1
Nott'ham Forest,Tottenham,1–0,Home,12,2,6,418,21,10,12,31,4,9,12,57,30,202,287,3,10,100,3,0
Tottenham,Nott'ham Forest,1–0,Away,13,7,18,768,11,7,13,3,1,7,18,35,70,567,662,4,13,66,4,0
Wolves,Manchester Utd,2–0,Home,12,3,15,638,26,14,16,22,3,6,18,73,51,417,514,4,7,100,2,0
Manchester Utd,Wolves,2–0,Away,12,4,20,621,24,13,9,23,1,6,19,68,49,391,501,4,11,50,4,0
Liverpool,Leicester City,3–1,Home,17,14,50,816,18,8,11,9,3,2,15,51,68,621,721,7,19,0,3,0
Leicester City,Liverpool,3–1,Away,5,1,6,454,13,15,15,49,2,13,13,64,32,256,338,1,4,57,2,0
Brighton,Brentford,0–0,Home,6,5,19,654,17,9,19,15,0,4,14,62,57,421,529,7,24,100,0,0
Brentford,Brighton,0–0,Away,12,3,9,517,18,11,11,31,5,14,17,73,43,287,393,3,8,100,2,0
Arsenal,Ipswich Town,1–0,Home,7,5,18,809,24,4,13,14,1,1,16,36,68,624,707,5,13,,1,0
Ipswich Town,Arsenal,1–0,Away,12,1,8,439,18,11,14,29,2,6,10,41,32,264,339,0,3,80,1,0
Leicester City,Manchester City,0–2,Home,11,4,19,697,14,9,5,12,3,8,14,38,53,561,618,3,11,60,2,0
Manchester City,Leicester City,0–2,Away,6,4,11,623,10,5,6,17,2,8,19,30,47,489,541,5,14,100,1,0
Tottenham,Wolves,2–2,Home,9,5,17,570,18,5,14,21,3,6,21,43,48,349,459,2,12,33,1,0
Wolves,Tottenham,2–2,Away,10,5,15,605,20,3,8,18,3,8,24,77,52,393,501,3,11,0,2,0
Fulham,Bournemouth,2–2,Home,7,1,15,670,26,11,15,32,0,6,22,61,52,417,528,6,11,75,1,0
Bournemouth,Fulham,2–2,Away,16,7,25,615,12,9,25,24,0,7,29,81,48,380,496,8,16,66,3,0
Everton,Nott'ham Forest,0–2,Home,13,5,34,667,16,6,26,17,1,4,36,95,64,440,564,2,13,71,4,0
Nott'ham Forest,Everton,0–2,Away,10,4,8,455,18,10,22,40,2,14,13,81,36,205,315,7,11,100,1,0
Crystal Palace,Southampton,2–1,Home,18,8,23,555,19,10,17,33,2,4,15,70,47,316,427,9,19,66,2,0
Southampton,Crystal Palace,2–1,Away,19,7,22,609,16,13,24,33,1,4,9,72,53,375,483,3,7,77,3,0
West Ham,Liverpool,0–5,Home,7,2,9,611,17,11,6,21,5,13,10,45,46,416,495,0,7,61,0,0
Liverpool,West Ham,0–5,Away,10,6,22,681,23,4,7,13,0,5,13,47,54,497,579,13,22,,0,0
Aston Villa,Brighton,2–2,Home,9,12,19,639,22,4,11,22,2,6,12,55,59,430,523,3,19,50,2,0
Brighton,Aston Villa,2–2,Away,14,3,12,500,19,14,11,25,0,8,13,55,41,280,357,4,13,66,3,0
Ipswich Town,Chelsea,2–0,Home,9,4,7,359,17,6,14,28,0,15,10,60,24,157,249,5,8,100,4,0
Chelsea,Ipswich Town,2–0,Away,5,7,19,880,11,5,16,14,2,6,21,43,76,679,774,4,20,80,4,0
Manchester Utd,Newcastle Utd,0–2,Home,13,2,11,727,26,8,10,9,1,5,14,62,52,525,615,0,10,50,1,0
Newcastle Utd,Manchester Utd,0–2,Away,8,3,12,661,19,8,9,18,4,6,18,64,48,471,558,4,12,,1,0
Brentford,Arsenal,1–3,Home,6,4,15,605,10,6,12,28,0,8,10,84,50,411,511,2,5,25,1,0
Arsenal,Brentford,1–3,Away,8,3,20,601,16,6,18,23,6,6,8,47,50,407,506,4,14,50,2,0
Tottenham,Newcastle Utd,1–2,Home,11,9,25,622,25,9,20,17,2,8,14,48,56,397,512,4,13,50,1,0
Newcastle Utd,Tottenham,1–2,Away,15,10,15,521,17,9,20,35,1,5,22,46,44,308,400,4,14,75,4,0
Southampton,Brentford,0–5,Home,10,2,13,592,15,4,18,22,1,6,7,51,50,412,494,1,8,55,2,0
Brentford,Southampton,0–5,Away,4,2,11,582,20,5,15,17,2,8,10,39,50,409,487,9,19,100,0,0
Bournemouth,Everton,1–0,Home,15,9,33,623,15,10,25,35,1,9,23,88,58,369,502,8,19,,2,0
Everton,Bournemouth,1–0,Away,14,3,13,505,16,13,12,32,0,7,29,98,42,239,371,0,9,87,2,0
Crystal Palace,Chelsea,1–1,Home,9,6,19,501,26,7,15,18,2,12,15,72,39,283,385,6,13,0,0,0
Chelsea,Crystal Palace,1–1,Away,12,6,14,710,12,8,8,15,0,2,18,79,61,516,608,1,15,83,2,0
Manchester City,West Ham,4–1,Home,8,7,12,673,12,6,7,18,1,11,13,39,56,510,583,7,10,75,2,0
West Ham,Manchester City,4–1,Away,13,1,12,567,13,7,14,18,2,3,16,56,44,394,465,4,17,57,1,0
Aston Villa,Leicester City,2–1,Home,10,6,18,751,19,10,12,15,1,4,18,47,60,574,657,5,13,50,0,0
Leicester City,Aston Villa,2–1,Away,11,2,11,538,22,11,6,20,1,6,17,41,40,352,430,2,4,60,1,0
Brighton,Arsenal,1–1,Home,17,2,10,547,11,8,12,23,0,5,9,44,45,379,451,3,10,66,2,0
Arsenal,Brighton,1–1,Away,14,5,15,638,14,5,12,9,3,5,10,54,55,473,555,3,9,100,3,0
Fulham,Ipswich Town,2–2,Home,10,9,35,834,17,2,24,13,0,4,29,56,73,633,745,2,13,50,1,0
Ipswich Town,Fulham,2–2,Away,14,2,7,417,11,15,19,48,1,7,11,64,27,206,282,2,6,100,5,0
Liverpool,Manchester Utd,2–2,Home,10,6,17,625,6,14,11,26,0,3,19,55,53,388,477,5,18,50,2,0
Manchester Utd,Liverpool,2–2,Away,13,9,22,547,20,13,8,26,4,13,16,74,47,307,427,4,13,80,4,0
Wolves,Nott'ham Forest,0–3,Home,10,5,30,698,13,10,12,24,1,9,18,51,60,491,600,5,13,0,1,0
Nott'ham Forest,Wolves,0–3,Away,8,3,10,515,18,10,16,33,4,8,15,63,40,299,393,3,11,100,2,0
Brentford,Manchester City,2–2,Home,4,4,20,558,10,9,16,22,4,12,14,62,45,354,456,5,18,75,0,0
Manchester City,Brentford,2–2,Away,4,5,20,669,12,9,17,32,0,7,15,58,55,472,557,8,21,60,0,0
West Ham,Fulham,3–2,Home,9,0,5,547,13,7,15,30,5,14,8,64,44,356,442,3,4,50,3,0
Fulham,West Ham,3–2,Away,18,3,24,662,13,10,15,10,0,3,25,70,56,478,573,4,21,0,3,0
Chelsea,Bournemouth,2–2,Home,15,9,16,570,11,5,15,10,2,4,22,65,57,382,470,10,26,50,2,0
Bournemouth,Chelsea,2–2,Away,16,3,12,468,16,10,11,28,1,7,19,59,43,273,358,2,6,80,3,0
Nott'ham Forest,Liverpool,1–1,Home,7,0,9,428,20,9,10,59,2,13,21,76,30,168,268,3,6,83,2,0
Liverpool,Nott'ham Forest,1–1,Away,10,9,29,745,10,2,18,32,1,4,17,57,70,508,617,6,23,66,1,0
Everton,Aston Villa,0–1,Home,17,8,20,588,19,10,16,23,5,6,20,70,50,363,468,2,10,66,2,0
Aston Villa,Everton,0–1,Away,10,5,10,581,22,9,19,34,1,3,16,56,50,368,465,3,11,100,1,0
Newcastle Utd,Wolves,3–0,Home,10,4,17,742,14,12,18,16,3,6,15,43,60,534,626,5,17,100,0,0
Wolves,Newcastle Utd,3–0,Away,13,2,10,542,25,10,5,13,1,10,19,66,40,321,413,7,13,40,2,0
Leicester City,Crystal Palace,0–2,Home,7,4,22,763,18,9,14,19,1,6,22,55,57,549,656,4,21,50,0,0
Crystal Palace,Leicester City,0–2,Away,6,3,12,593,17,9,14,28,3,10,8,69,43,375,485,4,9,100,0,0
Arsenal,Tottenham,2–1,Home,16,10,25,574,21,9,14,14,3,8,12,47,53,378,469,4,14,50,3,0
Tottenham,Arsenal,2–1,Away,9,4,17,549,21,4,8,29,1,8,19,54,47,341,419,2,10,75,1,0
Ipswich Town,Brighton,0–2,Home,13,1,9,537,13,10,11,28,1,9,13,48,47,357,437,3,5,60,2,0
Brighton,Ipswich Town,0–2,Away,14,9,22,595,14,7,16,13,1,2,10,57,53,413,502,5,11,100,2,0
Manchester Utd,Southampton,3–1,Home,7,4,13,755,17,12,9,22,2,6,19,49,60,522,628,9,23,100,1,0
Southampton,Manchester Utd,3–1,Away,10,4,8,569,25,9,20,28,0,7,12,56,40,335,426,5,13,66,3,0
Newcastle Utd,Bournemouth,1–4,Home,7,7,28,580,17,3,16,33,1,9,29,44,56,347,459,4,13,60,1,0
Bournemouth,Newcastle Utd,1–4,Away,18,6,24,515,21,13,15,35,0,8,15,82,44,262,363,10,19,75,6,0
West Ham,Crystal Palace,0–2,Home,13,2,13,678,11,11,17,25,1,5,10,53,53,466,576,0,7,83,3,0
Crystal Palace,West Ham,0–2,Away,10,4,18,615,19,16,10,18,0,6,20,53,47,405,512,6,11,,0,0
Brentford,Liverpool,0–2,Home,6,2,9,476,12,10,13,36,6,14,11,51,40,267,349,6,11,75,2,0
Liverpool,Brentford,0–2,Away,14,15,32,639,10,4,12,19,0,3,10,53,60,449,532,8,37,100,3,0
Leicester City,Fulham,0–2,Home,8,5,17,521,11,8,20,19,2,10,18,53,40,317,420,4,8,0,3,0
Fulham,Leicester City,0–2,Away,8,2,23,749,21,7,20,28,2,4,19,79,60,540,639,2,17,100,1,0
Arsenal,Aston Villa,2–2,Home,10,10,41,648,12,8,15,10,3,3,12,54,66,451,543,6,18,50,2,0
Aston Villa,Arsenal,2–2,Away,18,1,6,397,17,3,13,43,2,11,10,54,34,204,284,4,8,66,3,0
Manchester Utd,Brighton,1–3,Home,13,4,10,609,18,11,13,12,3,3,19,67,51,406,497,0,9,0,3,0
Brighton,Manchester Utd,1–3,Away,12,2,9,588,22,6,12,14,3,9,19,60,49,370,469,3,6,,3,0
Nott'ham Forest,Southampton,3–2,Home,4,2,18,532,19,8,19,22,3,3,16,64,45,334,423,4,14,33,0,0
Southampton,Nott'ham Forest,3–2,Away,18,8,24,628,11,6,22,32,0,6,12,51,55,439,515,3,10,25,4,0
Everton,Tottenham,3–2,Home,14,3,19,506,23,12,16,38,2,7,16,64,36,289,366,6,12,60,2,0
Tottenham,Everton,3–2,Away,14,8,19,763,20,4,14,22,1,12,25,45,64,557,660,5,11,66,1,0
Ipswich Town,Manchester City,0–6,Home,4,4,12,475,13,8,10,20,1,10,8,55,33,320,378,4,8,33,0,0
Manchester City,Ipswich Town,0–6,Away,7,7,8,855,14,7,6,11,1,2,11,40,67,700,773,9,17,100,1,0
Chelsea,Wolves,3–1,Home,8,3,23,740,9,7,12,19,5,6,19,61,63,536,624,6,19,75,4,0
Wolves,Chelsea,3–1,Away,14,6,18,493,21,9,9,35,2,7,17,62,37,284,374,4,9,50,2,0
Wolves,Arsenal,0–1,Home,20,1,14,590,27,7,13,30,0,4,14,55,51,384,466,4,9,66,2,0
Arsenal,Wolves,0–1,Away,10,5,23,564,22,8,7,15,0,9,27,51,49,359,451,3,9,100,1,1
Southampton,Newcastle Utd,1–3,Home,10,3,16,619,21,5,21,23,2,6,15,67,53,421,509,5,12,71,1,0
Newcastle Utd,Southampton,1–3,Away,5,8,11,570,19,11,4,21,4,5,11,36,47,371,457,7,16,80,0,0
Brighton,Everton,0–1,Home,8,9,30,815,23,7,20,18,2,3,22,61,69,587,696,1,16,,4,0
Everton,Brighton,0–1,Away,11,1,4,461,26,11,23,56,1,14,16,73,31,234,320,0,2,100,4,0
Liverpool,Ipswich Town,4–1,Home,10,3,24,886,16,3,11,8,0,1,18,45,70,696,790,6,16,66,0,0
Ipswich Town,Liverpool,4–1,Away,11,4,9,454,22,13,5,37,1,11,11,53,30,254,337,3,3,33,2,0
Bournemouth,Nott'ham Forest,5–0,Home,9,3,17,523,22,9,9,34,2,13,10,70,50,301,391,10,16,100,2,0
Nott'ham Forest,Bournemouth,5–0,Away,12,9,23,499,11,5,20,25,2,5,20,56,50,278,386,4,18,50,3,0
Manchester City,Chelsea,3–1,Home,6,2,5,695,13,6,7,17,5,4,20,62,56,514,603,6,15,75,3,0
Chelsea,Manchester City,3–1,Away,8,3,9,544,12,4,8,12,2,7,28,72,44,375,466,4,10,50,2,0
Crystal Palace,Brentford,1–2,Home,8,4,17,473,15,2,18,34,1,9,14,73,47,238,350,5,16,80,2,0
Brentford,Crystal Palace,1–2,Away,11,7,18,524,16,2,19,46,0,9,22,74,53,276,395,5,11,80,2,0
Tottenham,Leicester City,1–2,Home,6,6,34,701,10,9,19,18,5,4,26,58,61,483,605,6,15,33,1,0
Leicester City,Tottenham,1–2,Away,16,4,16,510,26,16,19,33,2,7,12,76,39,280,387,3,12,83,5,0
Aston Villa,West Ham,1–1,Home,13,4,17,567,27,9,20,25,2,11,17,43,46,326,416,4,14,66,2,0
West Ham,Aston Villa,1–1,Away,16,3,22,645,31,14,18,26,4,10,16,84,54,399,490,3,14,75,3,0
Fulham,Manchester Utd,0–1,Home,7,3,23,630,16,7,13,12,2,4,16,58,51,437,538,2,9,0,0,0
Manchester Utd,Fulham,0–1,Away,9,0,7,624,18,7,16,23,2,9,19,55,49,432,522,1,4,100,1,0
Nott'ham Forest,Brighton,7–0,Home,8,4,10,501,21,7,15,39,1,7,13,53,38,274,352,8,13,100,1,0
Brighton,Nott'ham Forest,7–0,Away,13,6,25,701,21,5,8,13,0,4,10,50,62,477,575,5,10,37,3,0
Ipswich Town,Southampton,1–2,Home,11,1,14,708,16,4,19,18,0,3,25,57,57,483,578,6,15,50,0,0
Southampton,Ipswich Town,1–2,Away,14,2,14,569,34,10,26,28,4,9,9,81,43,327,430,4,9,83,3,0
Everton,Leicester City,4–0,Home,7,5,13,594,13,4,16,34,3,7,24,69,48,385,486,7,13,100,0,0
Leicester City,Everton,4–0,Away,13,6,22,635,15,5,13,20,1,5,13,71,52,418,531,1,9,42,0,0
Newcastle Utd,Fulham,1–2,Home,10,3,17,560,7,4,13,28,4,10,21,58,49,366,454,4,11,50,4,0
Fulham,Newcastle Utd,1–2,Away,15,7,32,593,20,7,13,27,0,7,14,72,51,380,482,4,15,75,4,0
Bournemouth,Liverpool,0–2,Home,15,3,17,580,19,10,6,27,4,7,14,64,49,346,449,3,14,83,2,0
Liverpool,Bournemouth,0–2,Away,9,3,13,602,18,11,7,26,1,10,21,68,51,369,464,6,18,100,3,0
Wolves,Aston Villa,2–0,Home,20,5,14,418,25,15,8,34,6,3,13,46,32,214,284,5,8,100,2,0
Aston Villa,Wolves,2–0,Away,13,8,23,698,13,3,11,15,3,8,14,31,68,511,598,3,10,60,3,0
Brentford,Tottenham,0–2,Home,4,10,38,650,24,6,19,11,0,7,17,67,54,419,534,3,20,50,0,0
Tottenham,Brentford,0–2,Away,11,3,9,611,22,11,16,50,1,13,13,47,46,369,456,2,13,100,1,0
Manchester Utd,Crystal Palace,0–2,Home,12,11,23,720,15,12,19,20,0,7,18,60,66,484,608,2,17,33,3,0
Crystal Palace,Manchester Utd,0–2,Away,13,0,7,450,21,12,18,45,1,7,18,53,34,204,315,3,11,100,1,0
Arsenal,Manchester City,5–1,Home,6,5,12,509,16,5,6,22,3,4,14,41,46,363,430,7,12,75,2,0
Manchester City,Arsenal,5–1,Away,7,2,14,590,14,6,7,20,1,7,14,40,54,442,505,4,7,28,0,0
Chelsea,West Ham,2–1,Home,11,4,22,749,23,3,19,15,0,6,19,54,68,545,643,3,22,80,3,0
West Ham,Chelsea,2–1,Away,10,3,14,443,14,11,13,36,1,14,11,69,32,222,307,5,14,66,1,0
Everton,Liverpool,2–2,Home,9,2,16,497,19,8,20,43,3,2,19,82,37,235,348,3,10,50,4,0
Liverpool,Everton,2–2,Away,20,3,10,705,18,8,22,37,2,10,19,73,63,469,581,4,6,33,4,0
Brighton,Chelsea,3–0,Home,12,2,3,463,20,13,13,32,2,8,10,55,31,265,344,5,13,,1,0
Chelsea,Brighton,3–0,Away,15,9,18,868,19,7,13,9,3,7,17,43,69,685,776,0,8,40,2,0
Leicester City,Arsenal,0–2,Home,9,3,16,459,23,7,11,26,1,7,22,68,40,258,362,2,6,60,2,0
Arsenal,Leicester City,0–2,Away,10,7,18,650,15,5,15,23,4,4,23,42,60,450,542,5,11,100,1,0
Aston Villa,Ipswich Town,1–1,Home,7,16,32,812,12,5,11,10,2,2,12,37,75,622,715,6,25,66,0,0
Ipswich Town,Aston Villa,1–1,Away,11,1,6,378,22,13,7,42,3,14,13,51,25,173,242,3,4,83,5,0
Fulham,Nott'ham Forest,2–1,Home,13,8,33,651,8,7,16,25,1,8,11,65,55,464,549,10,24,50,0,0
Nott'ham Forest,Fulham,2–1,Away,8,4,18,557,10,8,15,31,1,8,10,67,45,358,441,2,8,80,0,0
West Ham,Brentford,0–1,Home,10,9,31,681,21,2,16,23,2,5,17,56,58,453,559,3,13,80,1,0
Brentford,West Ham,0–1,Away,13,2,16,516,19,5,21,31,4,6,12,68,42,302,399,5,14,100,1,0
Manchester City,Newcastle Utd,4–0,Home,5,7,13,721,10,6,8,20,0,3,13,51,61,564,618,7,11,100,0,0
Newcastle Utd,Manchester City,4–0,Away,13,4,14,482,26,7,5,21,3,4,15,45,39,319,395,1,3,42,1,0
Southampton,Bournemouth,1–3,Home,13,4,20,556,27,11,22,28,0,7,16,51,44,325,423,4,11,57,1,0
Bournemouth,Southampton,1–3,Away,15,6,18,658,16,9,14,26,0,5,27,67,56,426,531,7,14,75,3,0
Crystal Palace,Everton,1–2,Home,9,6,20,697,17,7,22,37,3,6,23,78,58,427,568,6,17,66,0,0
Everton,Crystal Palace,1–2,Away,12,2,17,554,20,11,32,48,1,8,19,80,42,286,411,6,11,83,1,0
Liverpool,Wolves,2–1,Home,15,4,13,600,16,15,8,19,5,8,21,61,50,392,489,2,9,75,2,0
Wolves,Liverpool,2–1,Away,13,3,10,625,15,9,10,22,3,8,15,47,50,406,489,4,16,50,2,0
Tottenham,Manchester Utd,1–0,Home,13,10,31,712,13,5,9,26,0,10,12,36,55,482,566,7,22,100,1,0
Manchester Utd,Tottenham,1–0,Away,9,5,24,605,32,11,11,25,7,6,13,63,45,367,461,6,16,85,2,0
Aston Villa,Liverpool,2–2,Home,8,6,19,602,22,3,12,25,3,15,12,39,52,394,486,3,9,33,1,0
Liverpool,Aston Villa,2–2,Away,6,8,20,554,16,8,13,25,2,6,16,54,48,360,448,3,17,33,0,0
Leicester City,Brentford,0–4,Home,10,5,27,525,11,13,9,29,1,6,19,48,48,333,429,3,8,33,4,0
Brentford,Leicester City,0–4,Away,10,6,20,572,10,9,21,38,1,8,12,65,52,379,460,6,14,100,0,0
Everton,Manchester Utd,2–2,Home,12,7,23,475,24,9,20,35,1,5,13,70,38,256,355,8,9,33,4,0
Manchester Utd,Everton,2–2,Away,9,8,20,711,24,13,19,36,0,4,17,59,62,479,575,3,9,75,1,0
Fulham,Crystal Palace,0–2,Home,10,7,27,701,15,8,16,17,0,6,17,78,62,471,588,0,10,80,1,0
Crystal Palace,Fulham,0–2,Away,7,7,10,508,25,10,9,39,3,10,13,62,38,267,363,5,10,,3,0
Ipswich Town,Tottenham,1–4,Home,15,4,19,489,23,10,4,10,2,6,12,55,42,312,391,5,17,33,2,0
Tottenham,Ipswich Town,1–4,Away,14,4,4,653,17,6,7,17,1,5,8,42,58,473,549,6,10,80,1,0
Bournemouth,Wolves,0–1,Home,17,6,27,546,13,12,16,27,1,5,23,75,46,298,412,3,8,80,3,1
Wolves,Bournemouth,0–1,Away,9,7,16,635,30,10,17,41,1,13,16,54,54,381,490,5,13,100,3,0
Arsenal,West Ham,0–1,Home,16,2,30,773,12,8,17,6,2,6,16,36,68,600,694,2,20,50,1,1
West Ham,Arsenal,0–1,Away,15,0,8,453,12,14,19,45,2,10,11,66,32,257,334,2,5,100,3,0
Southampton,Brighton,0–4,Home,11,5,11,572,13,13,12,23,2,3,15,68,50,369,467,1,6,66,2,0
Brighton,Southampton,0–4,Away,12,6,15,580,17,9,21,23,1,6,15,60,50,374,467,12,18,100,0,0
Aston Villa,Chelsea,2–1,Home,15,2,13,616,17,5,6,17,1,8,14,39,52,441,518,6,12,83,1,0
Chelsea,Aston Villa,2–1,Away,16,3,12,592,16,10,7,26,1,6,13,56,48,409,475,6,15,66,3,0
Newcastle Utd,Nott'ham Forest,4–3,Home,11,7,18,645,20,11,19,36,1,9,22,54,57,407,512,4,12,40,1,0
Nott'ham Forest,Newcastle Utd,4–3,Away,13,6,20,531,28,3,14,25,0,5,19,64,43,279,386,5,17,25,4,0
Manchester City,Liverpool,0–2,Home,3,7,22,804,5,3,4,17,2,1,20,36,66,627,704,5,16,50,0,0
Liverpool,Manchester City,0–2,Away,10,5,7,472,22,4,4,35,4,10,6,56,34,282,356,4,8,100,0,0
